product_item_id,revenue,cost_of_goods_sold,profit
72f9d031-1b67-4ed1-b073-68db70eb986a,9121.7,3648.94,5472.76
adec93cb-1711-48ff-884e-ea9cdfba6cbb,7440.2300000000005,2232.08,5208.150000000001
6ffd515d-c720-40b8-9d41-df1119dba059,9539.32,4769.9400000000005,4769.379999999999
d88d8d87-030f-4281-95d1-b6ce185f35d7,7382.76,2953.27,4429.49
0f441740-e752-4a1f-86b6-83a63cb2c241,5345.31,1603.78,3741.5300000000007
